andreascreten <andreas@madewithlove.be>
bendoh <ben@thinkoomph.com>
builtbylane <lanegoldberg@gmail.com>
c10b10  <alex.ciobica@gmail.com>
conatus <alex@recordsonribs.com>
cyberhobo <dylan.k.kuhn@gmail.com>
dangardner <dan@web.nearest.to>
danielbachhuber <d@danielbachhuber.com>
danielbachhuber <danielbachhuber@gmail.com>
drrobotnik <B@Brandons-Mac-Pro-4.local>
dwightjack <marco.solazzi@gmail.com>
ericandrewlewis <eric.andrew.lewis@gmail.com>
ericmann <eric@eamann.com>
eugeneware <eugene@noblesamurai.com>
future500 <ramon@future500.nl>
getsource <mike.schroder@dreamhost.com>
glebis <glebis@gmail.com>
goldenapples <ntaintor@janrain.com>
j3lamp <j3lamp@gmail.com>
jghazally <jeff@bigfish.co.uk>
jghazally <jghazally@gmail.com>
jmslbam <jmslbam@gmail.com>
johnbillion <johnbillion@gmail.com>
johnpbloch <jbloch@John-Blochs-iMac.local>
johnpbloch <johnpbloch@gmail.com>
joshbetz <j@joshbetz.com>
kidfiction <ejdanderson@gmail.com>
lackingpenguin <benjamin.j.brooks@gmail.com>
leewillis77 <leewillis77@gmail.com>
marcoceppi <marco@ceppi.net>
matiskay <matiskay@gmail.com>
mgburns <mgburns@bu.edu>
mgburns <mike@grady-etc.com>
milesj <mileswjohnson@gmail.com>
MiteshShah <Mitesh.Shah@rtCamp.com>
mwilliamson <michael.williamson@red-gate.com>
mwilliamson <mike@zwobble.org>
nacin <andrewnacin@gmail.com>
navitronic <adrian@navitronic.co.uk>
nb <nb@nikolay.bg>
nikolay <nikolay@users.noreply.github.com>
nikolay <nikolaynkolev@gmail.com>
nullvariable <nullvariable@gmail.com>
ocean90 <dominikschilling+git@gmail.com>
oknoway <nate@oknoway.com>
om4james <james@jamesc.id.au>
om4james <james@om4.com.au>
Rarst <contact@rarst.net>
roelven <roel@soundcloud.com>
scribu <scribu@gmail.com>
sebastiaandegeus <sebastiaan@hoppinger.com>
soulou <leo@soulou.fr>
spuriousdata <spuriousdata@gmail.com>
stianlik <stianlik@gmail.com>
svaj <chris@chrisbot.(none)>
taupecat <tracy@taupecat.com>
tddewey <td@tddewey.com>
thisislawatts <luke@thisis.la>
tlovett1 <admin@taylorlovett.com>
tollmanz <zack@zackdev.com>
toszcze <toszcze@gmail.com>
tott <tott@automattic.com>
trepmal <trepmal@gmail.com>
twisty <tim@brayshaw.com>
twratajczak <tomasz.ratajczak@espeo.pl>
westonruter <weston@x-team.com>
westonruter <westonruter@gmail.com>
wopr42 <john@zippykid.com>
